tail_num;pilot1_name;pilot1_rate;pilot2_name;steward1_name;steward2_name;steward3_name
N700GS;Dennis Sutton;5;Kenneth Smith;Brandy Hull DDS;Stephen Anderson;Felicia Rodriguez
N701GS;Michael Barnes;7;Sean Powers;Amy Young;Brittany Chavez;Whitney Patton
N703SW;Mr. Gary Patterson;5;Emily Simpson;Carlos Johnson;Aaron Smith;David Giles
N798SW;Jason Lutz;2;Marisa Green;Matthew Miller;April Leonard;Jay Juarez
N799SW;Paul Gilbert;6;William Gill;Christopher Jarvis;Donald Lamb;Thomas Duncan
N270WN;Kenneth Lloyd;1;Miranda Smith;Brian Greene;Melissa Parks;Stacy Stewart
N271LV;Andrew Harris;3;Sherry Lopez;Erin Flores;Kayla Harris;Mike Cruz
N704SW;Gregory Castro;3;Shawn Sanchez;Kevin Thomas;Katrina Gould MD;Denise Anderson
N705SW;Maurice Griffin;6;Patrick Jacobson;Timothy Martinez;Gary Barnes;Michael Cline
N706SW;Meredith Andrews;6;Alexander Cox;Paul Holt;Danielle Harvey;Stephanie Lewis
N707SA;Denise Curry;5;Edward Lee;Grant Marshall;Michael Mccoy;Gina Blackwell
N709SW;Paul Johnston;10;Roberto Perry;Michael Smith;Rodney Gibson;Brian Noble
N710SW;Colleen Sharp;5;Paul Robinson;Francisco Hill;Vincent Morrison;Natasha Mills
N711HK;Daniel Wilson;2;Daniel Ramirez;Nicholas Nolan;Eric Ewing;Stephanie Savage
N712SW;Greg Woodward;10;Ronnie Brooks;Amber Lane;Jennifer Wise;Michael Hanson
N713SW;Kristin Chambers;10;Stephanie Gonzalez;Grant Olsen;Alexander Brock;Jillian Pollard
N714CB;Carly Hines;8;Albert Walker;Mr. Clarence West;Joseph Allen;Mr. Christopher Barnes Jr.
N715SW;Amber Meyer;10;Jasmine Ray;Nicholas Flores;Emily Francis;Jeffrey Rogers
N716SW;Carrie Soto;5;Corey Turner;Marcus Estrada;Allison Walker;Tiffany Skinner
N717SA;Jason Singleton;8;Courtney Carlson;Donald Smith;Johnny Payne;Peter Ortiz
N718SW;Joshua Garrett;8;Michael Perez;Ryan Sherman;Katherine Morgan;Sandra Tapia
N719SW;Tamara Johnson;2;Ryan Pierce;Sarah Copeland;Brenda Benson;Shelley Edwards
N720WN;Gregory Mcmillan;8;Steven Powell;Sheila Martin;Christopher Joseph;Sheila Hunt
N739GB;Nicholas Pierce;8;Margaret Thompson;Christopher Davis;David Smith;Stephanie King
N740SW;Kathleen Santana;9;Tanner Martin;Christopher Smith;Yesenia Turner;Kristin Robinson
N741SA;Holly Rodriguez;5;Joshua Reynolds;Anthony Mitchell;Robert Walker;Carolyn Espinoza
N742SW;Jennifer Wright;6;Edward Booth;Matthew Sanders;Charles Brown;Ashley Miller
N743SW;Kenneth Nixon;7;Brandy Blankenship;Gregory Becker;Michael Blackburn;Bobby Stephenson DDS
N723SW;Gloria Mccarthy;3;Gina Guerrero;Raymond Conway;Taylor Wilson;Savannah Perkins
N724SW;Susan Hall;8;Albert Jackson;Colleen Walters;Erin Hunter;Sarah Lloyd
N725SW;William Howard;3;Michael Marshall;Samuel Mitchell;Kimberly Shelton;Denise Colon
N726SW;Jennifer Murray;2;Shawn Daugherty;Wayne Brown;Max Montgomery;Justin Henry
N727SW;Nicholas Cook;1;Steven Perez;John Lee;Jacqueline Wall;Cindy Gonzales
N728SW;Mr. Edward Vargas PhD;2;Michael Lee;Mr. Sean Carroll;Nicholas Robinson;Hannah Wright DDS
N729SW;Douglas Gonzalez;1;Ashley White;Jennifer Phillips;Mark Weiss;Julie King
N730SW;Robert Wu;9;Matthew Dean;Brittany Clark;Timothy Jordan;Alicia Robinson
N731SA;Brenda Wilson;3;Melinda Holland;Joseph Cook;Nicholas Hodge;Wendy Black
N732SW;Joshua Lucero;6;Jason Martinez;Dillon Mcintosh;Shawn Klein;Miranda Clark
N733SA;Darius Brown;5;Ian Fisher;Michael Baker;Gilbert Andersen;Derek Garcia
N734SA;Andrew Green;5;Monica Jones;Christopher Clark;Brooke Morris;Kristin Wilson
N735SA;Manuel Dominguez;6;Mrs. Ashley Hill;Caitlyn Wolf;Leslie Taylor;Brittany Fritz
N736SA;Karen Marshall;3;Margaret Miller;Robert Hayes;Tonya Cochran;Devin Lopez
N737JW;Lindsey Walker;3;Charles Shelton;Toni Hudson;Brady Taylor;Kevin Hahn
N738CB;Jared Swanson;3;Patricia Herman;Clinton Ayala;Peter Johnson;Sarah Armstrong
N744SW;Christopher Johnson;4;Brittany Ward;Robert Weaver;Melissa Chung;Erin Watson
N745SW;Tyler Martin;6;Brian Lester;Sandra Lynch;Ann Goodwin;Bianca Gomez
N746SW;Linda Parker;4;Jamie Collins;James Harris;Evan Williams Jr.;Maria Jones
N747SA;Jennifer Beck;1;Thomas Gregory;Mark Allen;Paul Jackson;Michele Morris
N748SW;Michele Holland;2;Alyssa Cox;Christine Bryant;Cheryl Clark;Luke Campbell
N749SW;Robert Malone;9;Dean Johnson;Christopher Bush;Garrett Reese;Jessica Mitchell
N750SA;Karen Lutz;4;Mrs. Alison Price;Timothy Green;Megan Conner;Tyler Garcia
N751SW;Raymond Anthony;2;Joshua Sandoval;Matthew Mason;Andrew Donovan;Yvette Williams
N752SW;Anthony Edwards;7;Jose Weber;Rick Torres;Valerie Cooper;Theresa Williams
N754SW;Michael Adams;7;Ellen Ruiz;Justin Schroeder;Erin Gray;Emily Roman
N755SA;Ian Baker;3;Stacie Hunter;Angela Hanna;Jennifer Lynch;Derek Navarro
N756SA;William Smith;4;Kim Perry;Connie Rios;Sarah Smith;Christopher Wolfe
N757LV;Kaylee Perez;9;Christina Long;Daniel Clark;Juan Villarreal;Edward White
N758SW;Tami Parker;10;Becky Gilbert;Laura Torres;Anthony James;Michelle Pittman
N7816B;Ashley Simpson;9;Nancy Gonzales;Luis Richard;Scott Berry;Kathryn Mathews
N7818L;Ryan Leach;7;Jeffrey Lopez;Samantha Phelps MD;Natalie Fletcher;Dennis Collins
N7830A;John Castillo MD;9;Jenny Holt;William Mitchell;Jasmine Smith;Curtis David
N7836A;John Bean;2;Vanessa Morgan;Jennifer Wyatt;Evan Walsh;David Brown
N792SW;Robert Morales;8;Ms. Tiffany Wise;Angel Curtis;Stephanie Parker;Ronald Torres
N7838A;Michael Martin;1;Mitchell Nelson;Fred Murphy;Brenda Krause;Frank Allen
N7840A;Cheryl Griffin;6;Bradley Cox;Kristin Hodges;Katherine Peterson;Megan Turner
N7842A;Jason Osborne;6;Jennifer Elliott;Bryan Jordan;Suzanne Price;Patricia Monroe
N557WN;Matthew Peck;4;Teresa Ross;Jesse Mclean;Desiree Riley;Robin Arroyo
N560WN;Lisa Barrett;3;Veronica Pearson;Paul Moore;Nichole Larson;Christina Chung
N562WN;Adrian Myers;5;Tyler Wilson;David Roth;Caleb Brown;Michael Johnston
N760SW;Nicholas Nolan;4;Deanna Bailey;Michael Martin;Tyler Flores;Brian Cox
N762SW;Melissa Best;10;Anthony Harris;John Nelson;Tammy Howard;Justin Moore
N763SW;Erica Brown;4;Andrew Phillips;Laura Hoffman;Jeremiah Novak;Tammy Wilson
N764SW;Tracy Sanchez;5;Catherine Miller;Timothy Barnett;Nicholas Peters Jr.;Carrie Morales
N765SW;Caitlyn Bates;10;Alexis Friedman;Rachel Benson;Paul Woodward Jr.;Derek Lamb
N767SW;Lori Harvey;6;Ryan Oneill;Steven Jones;Janet Barron;Brittany Jackson
N768SW;Scott Griffin;4;Justin Austin;Dr. Morgan Horton;Adam Meyer;Frederick Mann
N769SW;Julian Cox;6;Karen Williams;Toni Steele;Travis Byrd;Kristin Martin
N770SA;Jennifer Lee;9;Mrs. Jessica Newton MD;Nancy Coleman;Teresa Burgess;Julie Walker
N771SA;Corey Clark;9;Gail Haynes;Eric Hoffman;Mark Newman;Brent Hensley
N772SW;Larry Olson;3;Michael Harmon;Debbie Miller;Peter Hutchinson;Garrett Lee
N773SA;Derek Rollins;1;Mark Haas;Steven Love;Margaret Clarke;Martin Mitchell
N774SW;Katherine Mercer;10;Daniel Brooks;Pam Carson;Garrett Butler;Angel Graham
N775SW;Michael Rivera;6;Steven Rodriguez;Lance Schmidt;Sarah Davis;Richard Becker
N776WN;Jennifer Rivera;8;James Garcia;Linda Brooks;Christina Vincent;Crystal Robinson
N777QC;Daniel Branch;10;Karen Nguyen;Traci Sandoval;Angela Bryan;Stephanie Hendrix
N778SW;Victor Pierce;7;Carl Sanders;Amy Green;Sheryl Lee;Jeffrey Scott
N779SW;Mary Wagner;9;Jesus Myers;Curtis Williams;Shawn Rodriguez;James Davis
N780SW;Linda Valdez;8;Whitney Ross;Kathleen Kennedy;Alison Green;Mr. David Whitney DVM
N7817J;Anthony Chaney;5;Janet Little;Charles Bishop;Donald Turner;Daniel Jones
N781WN;Sean Williams;2;Julia Wright;Timothy Wiggins;Blake Davidson;Timothy Barker
N782SA;Donna Davis;7;Julie Mendoza;Grace Rivera;Cassandra Holt;Dawn Mora
N783SW;Brendan Lee;1;Charles Perez;Samantha Woodward;Charles Riley;Andrew Kidd
N784SW;Melissa Bauer;1;Justin Raymond;Kelly Robinson;Donna Peters;Patrick Johnson
N785SW;Joel Avery;10;Matthew Shepherd;Jonathan Calderon;Vanessa Peterson;Amanda Cummings
N786SW;Lisa Campbell;7;Stacy Thompson;Joseph Reyes;Tyler West;Julie Watson
N787SA;James Ellison DVM;8;Elizabeth Alvarado;Linda Martinez;Kelly Gibson;Shane Cruz
N788SA;Courtney Roberts;4;Jessica Hall;Christine Gonzalez;Madeline Spears;Trevor Delgado
N789SW;Tiffany Riggs;7;Jordan Hernandez;Ryan Miller;Christopher Joseph;Robert Phillips
N790SW;Steven Garcia;5;Gregory Rhodes;Joseph Quinn;Matthew Heath;Aaron Lane
N791SW;Joseph Collins;2;Mark Singh;Paul Long;Sean Crawford;Tyler Howard
N793SA;Carmen Miles;3;Angela Olsen;Jennifer Friedman;Ronald Thomas;Joseph King
N794SW;Tricia Wilkins;3;Daniel Hensley;John Anderson;Bryan Smith;Reginald Butler
N795SW;Emily Hester;1;John Lee;Tina Reyes;Ronald Gonzalez;Jessica Landry
N796SW;Mackenzie Gibson;8;Steven Gonzalez;Randy King;Joshua Smith;Robin Thomas
N797MX;Christopher Miller;5;Mark Archer;Joshua Gill;Rebecca Gomez;Joshua Rowland
N7884G;Lisa Neal;9;Pamela Johns;Amy Jordan;Dr. Justin Velez DDS;Jessica Ferguson
N7850B;Mark Fox;6;Angel Perez;Lisa Guzman;Tracey Brooks;Madison Roberts
N7851A;Zachary Reyes;1;Joshua Osborne;Anthony Oliver;Susan Nelson;Crystal Hernandez
N7841A;Brian Long;6;Rebecca Boyd;Tammie Harris;Daniel Wallace;Sandra Hampton
N7882B;Melissa Webster MD;9;Kenneth Simpson;Beth Hampton;Anna Larson;Noah Diaz
N7883A;Mark Robinson;4;Julie Dennis;Anthony Espinoza;Chad Stephens;Wendy Martinez
N7853B;Micheal Rodriguez;9;Sean Vazquez;Steven Shea;Jeffery Brown;Chad Li
N7856A;Karen Thompson;3;Andrew Price;Heather Brown;Brooke Chavez;Amber Barber
N7864B;Carly Long;4;Kevin Rice;Theresa Smith;Robert Barber;Aimee Morris
N7868K;Samantha Mccall;9;Angela Terry;Samuel Campbell;Daniel Le;Edward Brown
N400WN;Daniel Murray;1;Kevin Thomas;Chad Sanchez;Michael Shaffer;Ryan Brooks
N401WN;Joshua Klein;3;Stacey Peterson;Sherri Gutierrez;Andrew Wright;Kiara Taylor
N402WN;Cheryl Kelly;7;Robert Hill;Stephanie Pruitt;Jacqueline Medina;Ryan Jackson
N403WN;Tiffany Williams;3;Kyle Snyder;Laura Elliott;Andrew Lopez;Thomas Wilson
N404WN;Brent Thompson;8;Thomas Mitchell;Mary Walton;Lindsey Wilson;Peggy Bell
N405WN;William Jones MD;1;Lisa Anderson;Katherine Kim;Audrey Benson;Mary Hall
N406WN;Maurice Stephenson;4;Lisa Powell;Geoffrey Anderson;Tina Evans;William Mays
N407WN;Rebecca Parsons;9;Jesse Watson;Donna Lopez;Pamela Lopez;Justin Davidson
N408WN;Bruce Jordan;9;Kevin Ortiz;Daniel Travis;Nathan Brooks;Kim Mccall
N409WN;Judith Hall;3;Tiffany Garcia;Amanda Lee;Emily Roy;Jenna Gordon
N410WN;Matthew Kelly;2;James Byrd;Zachary Cook;Jamie Garcia;Jennifer Mcgee
N411WN;Seth Morrow;5;Amy Chapman;Shirley Nelson;Trevor Rodriguez;Brianna Yoder
N412WN;David Stanley;4;Aaron Austin;Robert Carter;Cameron Ray;William Harper
N413WN;Sharon White;8;David Reynolds;David Gardner;Tammy Wagner;Lacey Herman
N414WN;Erica King;3;Stephanie Dalton;Mary Perry;Christina Rowe;Keith Keith
N415WN;Scott Patrick;2;Jennifer Baker;Tracey Kelly;Randy Santos;Cassandra Richards
N416WN;Seth Williams;7;Hannah Duffy;Brianna Gonzalez;Beth Owens;Peter Martinez
N417WN;Rhonda Perez;1;Alicia Allen;William Lam;Diane Prince;Shawn Reeves
N418WN;Justin Thomas;4;Barbara Morse;Brenda Mendez;Jennifer Fuller;Carmen White
N419WN;Melanie Fitzpatrick;8;Kimberly Smith;Kathleen Martinez;Scott Wilson;Rhonda Henson
N420WN;Derek Burns;1;Deanna Davis;Darren Jones;Thomas Montoya;Robin Esparza
N421LV;Lori Garcia;7;Kerry Jackson;Patrick Taylor;Barry Moreno;Theresa Stone
N550WN;Patrick Church;6;Leah Murphy;Danielle Hoffman;Whitney Rhodes;Elizabeth Gallegos
N551WN;Anthony Wright;10;Phillip Kim;Christopher White;Bonnie Maldonado;Jeffrey Carr
N568WN;Devin Mckinney;8;Brenda Ramsey;Paul Lawson;Christopher Phillips;Frank Thomas
N7811F;Scott Mills;8;Kim Bryant;Shannon Rangel;Christopher Porter;Kathryn Sanders
N7812G;Nicholas Fuller;10;Matthew Malone;Albert Cooper;Justin Hicks;Kelly Morris
N7813P;Marco Hernandez;1;Johnny Miller;John Newman;Jeffery Walton;Jessica Roberts
N7814B;Jasmine Glenn;1;Samuel Chandler;Andrea Serrano;Ruth Davis;Dr. Michael Young MD
N7822A;Kathryn Wilkerson;4;Alexander Guzman;Beverly Vazquez;Robert Hernandez;Danielle Mills
N7824A;Patricia Goodwin;7;Joshua Williams;Blake Wright;Larry Hall;Susan Wade
N7839A;Jennifer Davis;9;Tara Johnson;Susan Hunter;Carrie Santos;Sydney Mcmahon
N7885A;Hannah Ryan;8;Benjamin Wells;Elizabeth Thomas;Janet Thomas;Rose Gomez
N7859B;Christina Martinez;1;Phyllis Powell;Michael Buck;Natalie Whitney;Briana Velez
N7863A;Sara Chapman;1;Rebecca Dean;Nicholas Savage;John Mitchell;Jennifer Duncan
N7865A;Amber Hamilton;9;Laurie Delgado;Anthony Rodriguez;Emily Murray;Carla Roberson
N7866A;Dennis Nelson;4;Stephen Valenzuela;Jennifer Peck;Laura Lopez;James Hodge
N7867A;Angela Warner;5;Elizabeth Li;Nichole Hunter;Jon Murillo;Jesse Pitts
N422WN;Tonya Wilson;8;Casey Wright;Jonathan Long;Madeline Brown;Brad Hernandez
N423WN;Kevin Sherman;8;Erik Burns;Tracey Jackson;Sheri Hanna;Jessica Francis
N424WN;Ryan Brown;4;Stephanie Berry;Javier Hall;Brittney Robinson;James Pratt
N425LV;Tyler Crawford;1;Amy Simmons;Brian Hernandez;Kimberly Graham;Kevin Mora
N426WN;Mary Wade;10;Brian Burns;Alexandra Armstrong;Morgan Davis;Katelyn Rodgers
N427WN;Christopher Miller;1;Lori Gordon;Melissa Elliott;Cathy Webb;Susan Haas
N428WN;Christopher Frederick;3;Jason Gonzalez;Justin Johnson;Michael Richard;Danielle Graham
N429WN;Briana Thompson;9;Logan Mendoza;Lisa Nelson;Jeffrey Wade;Robert Christian
N430WN;Paul Fields;4;Julie Wilson;Nicole Mason;Michael Lewis;Aaron Price
N431WN;Jeffrey Simmons;2;Justin Mclean;Raymond Arnold;Laura Lewis;Jeffrey Rogers
N552WN;Kara Murphy;10;John Brown;Gregory Bryant;Jason Diaz;Diane Moore
N553WN;Lee Morris;4;Erika Gonzalez;Kyle Turner;Michelle Jones;Preston Cole
N554WN;Vanessa Garcia;9;Amanda Ewing;Lisa Webster;Michael Delgado;Randall Watson
N558WN;Andrea Elliott;8;Jennifer Matthews;Michael West;Rachel Clayton;April Bennett
N559WN;Paula Baker;1;Paul Sharp;Anthony Chung;Jonathan Peterson;Melissa Stark
N563WN;Ronald Hickman;3;Christina Gonzalez;Debra Thomas;Nicholas Nelson;Laurie Knox
N564WN;David Bush;3;Paul Fisher;Sara Schmidt;Julie Yang;William Pitts
N565WN;Patricia Boyd;3;Amy Lewis;Angel Leonard;Anthony Spears;Jeffery Washington
N566WN;Steven Hampton;3;Jason Jones;Eric Sanchez;Kaitlyn Carrillo;Christopher Taylor MD
N567WN;Patrick Moore;2;Cindy Pope;Christopher Adams;Jessica Gibson;Kathryn Page
N569WN;Ruben Hendricks;4;Sean Mcintyre;Aimee Rojas;Joe Davis PhD;Alicia Beasley
N570WN;Joseph Wilson;10;Lisa Webb;Joseph Bradshaw;Jessica Schultz;Elizabeth Cordova
N7819A;Audrey Cole;9;Nathan Martinez;Christopher Nixon;Dawn Cruz;William Larsen
N7820L;Mrs. Angel Thompson;1;Anita Chang;Eduardo Young;Jason Ali;John Moss
N432WN;Lauren Tanner;1;Nicholas Gonzales;Alfred Carroll;Francisco Flynn;Jeffrey Jones
N433LV;Stephen Guzman;9;Mary Reyes;Victoria Johnson;Susan Lee;Jessica Brown
N434WN;Samuel Allen;9;Matthew Lopez;Rachel Young;Amanda Walker;Mr. Thomas Hanson
N435WN;Jeanette Watson;1;Amber Harris;Mario Patel;George Campbell;Cynthia Smith
N436WN;Larry Scott;5;Monica Hill;Mark Jennings;Erik Diaz;James Long
N437WN;Ryan Mason;5;Allison Barajas;Edwin Stewart;Ann Arroyo;Chad Roberts
N438WN;Sonya Jones;9;Amanda Jones;Olivia Rodriguez;Gerald Hardin;Mr. Charles Brown
N439WN;Erin Parks;9;Barbara Scott;Sarah Stout;Timothy Smith;Erica Chang
N440LV;Dominique Warner;10;Michael Simmons V;Misty Patel;Aaron Collier;Heather Graham
N441WN;Victor Stevens;9;Breanna Rodriguez;Tyler Rivas;Meredith Cole;Chris Bennett
N442WN;Joseph Malone;10;Jonathan Flores;Allison Morris;Laura Clark;Matthew Lewis
N443WN;Shawna Reyes;8;Carolyn Buchanan;Michael Berry;Carol Hernandez;Charlotte Davis
N444WN;Sara Peters;1;Makayla Davis;Thomas Nielsen;Mr. Scott Stuart DDS;Margaret Smith
N445WN;Jamie Brown;8;Leah Cole;Janet Jones;Mr. Paul Sandoval;Rachel Williams
N446WN;Leslie Fuller;10;Michelle Reyes;Kenneth Floyd;William Harris;Terry Cox
N447WN;Paul Lindsey;8;Madeline Yoder;Samuel Olsen;Catherine Burton;Charles Perkins
N448WN;Joshua Watson;8;Kathryn Sims;Stephanie Brown;Kelly Walton;Kimberly Park
N449WN;Rebekah Lowe;6;Matthew Lopez;Meghan Taylor;Dylan Lee;Caroline Webb
N561WN;Crystal Morgan;7;Charles Hernandez;Sabrina King;Melissa Warner;Nicole Anderson
N7815L;Laura Johnston;9;Sean Rivas;Lisa Nelson;Stacey Taylor;Christine Olson
N7821L;Victor Walker;4;Chad Watson;Virginia Pace;Terry Richmond;Alexander Hernandez
N7823A;Rachel Gonzalez;7;Sarah Arnold;Robert Myers;Tiffany Carney;Shannon Owens
N7825A;Stephen Obrien;3;Courtney Fry;Kaitlin Lloyd;Alicia Garcia;Chloe Anderson
N7826B;Jessica Jackson;10;Marie Zavala;Kristine White;James Dennis;Steven Miller
N7827A;Christopher Scott;2;Jason Horton;Scott Flynn;Margaret Gonzales;Dr. Tara Huff DDS
N7828A;Erica Flynn;8;Tanya Warner;Courtney Davis;Gabrielle Webb DDS;Lawrence Romero
N7829B;Ryan Ford;3;Franklin Clark;Kayla Thornton;Nicholas Moran;Tamara Richardson
N7831B;Kathy Perkins;6;April Moore;Whitney Mccormick;Lauren Martinez;Ashley Ramirez
N7832A;Dawn Davis;10;Chase Brown;Jaclyn Mccarthy;Jose White;David Dunn
N7833A;Kelly Newman;9;Hannah Sanchez;Christopher Rodriguez;Brett Patel;Scott Moreno
N7837A;Gerald Baxter;5;Kevin Graham;Melanie Cain;Lynn Barnett;Gary Monroe
N7875A;Barry Barrett;9;Kelly Tucker;Steven Schmidt;Gregory Stephens;Adam Rollins
N7876A;Linda Lawrence;4;Eric Spencer;Renee Cortez;Robert Young;Kevin Nolan
N286WN;Dr. Kendra Hill MD;6;Aaron Arnold;Jason Curry;Rebecca Cooper;Kyle Montgomery
N450WN;Samantha Miller;5;Carl Phelps;Chris Jenkins;Brianna Martin;Jessica White
N451WN;Karen Hernandez;1;Barbara Moyer;Brenda Walters;Vanessa Davis;Marie Wilson
N452WN;Justin Wilson;10;Stephanie Oneal;Sally Hubbard;Bryan Johnson;Thomas Smith
N453WN;Thomas Flores;5;Erica Duncan;Ryan Davis;Brendan Wagner;Charlene Pacheco
N454WN;Rachel Fisher;1;Nicolas Thompson;Richard Johnson;Sheri Garcia;Shane Moore
N455WN;Deanna Hill;9;Peter Jones;Eric Thompson;Shawn Gonzalez;Amy Alexander
N456WN;Samantha Gould;6;Deanna Flores;Juan Barrett;Amy Jenkins;David Smith
N457WN;Michael Ramos;3;Kathleen Smith;Tina Smith;Jeffrey Smith;Alexandria Velasquez
N458WN;Charles Obrien;3;Stephanie Wolf;Bruce Nguyen;Jonathan Clark;Sara Sanders
N459WN;Claire Clark;8;Michael Carr;Steve Jordan;Nicole Hicks;Allison Ramos
N460WN;Michael Lambert;4;Daniel Allen;Olivia Torres;Rebecca Williams;Mark Weber
N461WN;Deborah Thomas PhD;6;Betty Rodriguez;Dr. Samantha Owens;Michelle Mckay;Roger Moore
N462WN;Dr. David Mosley;3;Katherine Mcdowell;David Wallace;Thomas Goodwin;Mr. Jeffrey Chapman
N463WN;Raymond Peck;3;Daniel Sullivan;Beth Robinson;Abigail Phillips;Harry Brady
N464WN;Steven Ali;3;Henry Ayala;Marissa Ward;Amanda Elliott;Ronald Bell
N465WN;Kaitlyn Matthews;3;John Zamora;Jeremy Brewer;Karen Pham;Nichole Thomas
N466WN;Joel Perry;3;Wayne Taylor;Kathryn Clark;Dennis Gallagher;Javier Singh
N467WN;Dale Butler;6;Michael Ware;Johnathan Beck;Bobby Nash;Amy Simpson
N468WN;James Allen;1;Hailey Key;Robert Evans;Derek Hill;Melinda Cooper
N469WN;Charles King;10;David Kaiser;Nathan Carlson;Debbie Mueller;Taylor Small
N470WN;Amber Hicks;3;Jeffrey Williams;Edward Miller;Jose Morales;Ashley Simmons
N472WN;Brian Brown;10;Rebecca Cole;Jacob Frazier;Whitney Evans;Daniel Green
N473WN;Matthew Vincent;6;Chelsea Barnes;Daniel Bell;Matthew Robinson;Andrew Copeland
N474WN;Andrew Carroll;3;Mark Davis;Christopher Allen;Javier Roberson;Andrew Green
N475WN;Andre Anderson;4;Nicholas Parker;Victoria Hodge;Heather Gomez;Nichole West
N476WN;Donna Torres;7;Joy Mullins;Michael Carlson;Melissa Bright;Jason Dudley
N477WN;Crystal Silva;10;Ruth Riley;Theresa Bennett;Dennis Morse;Ronald Rosario
N478WN;Adam Moore;8;Patricia Haney;Michael Hayes;Jessica Cobb;Isaac Spencer
N479WN;Anthony Clark;3;Keith Smith;Mr. Austin Griffin DDS;Sabrina Collins;Trevor Kelley
N480WN;Peter Garcia;3;Ryan Galloway;Jennifer Mata;Melissa Hernandez;Angela Stewart
N481WN;Angelica Russell;7;Nancy Jacobs;Brian Lee;Jake Carter;Douglas Williams
N482WN;Kent Gonzalez;3;Hannah Ramsey;Anthony Bryant;Christopher Stanley;Amanda Stewart
N483WN;Nicholas Wade;4;Derek Craig;Timothy Wright;Victoria Duffy;Nancy Peterson
N484WN;Rachel Adams;6;Tara Young;James Watts;Patricia Hall;Sylvia Lee
N485WN;Amy Grimes;5;Carol Molina;Brittney Berger;Benjamin Reyes;Monica Sanders
N486WN;Bryan Cook;2;Mary Valdez;Crystal Robertson;Dominique Dixon;Olivia Saunders
N487WN;Nancy Thornton;5;Richard Le;Maurice Watkins;Heather Massey;Alexander Douglas
N488WN;Gary Brown;5;Michael Crawford;Amanda Watson;Amanda Adams;Kim Moran
N489WN;Tiffany Stephens;4;Corey Reyes;Daniel Miller;Jacob Davis;Olivia Miller
N490WN;Charles Davis;4;Tyler Friedman;Mary Williams;Mandy Peterson;Sandra Smith
N491WN;David Maddox;10;Elizabeth Rogers;Amy Lara;Dan Lopez;Sarah Martin
N492WN;Travis Wiley PhD;5;Christopher Fitzgerald;Patricia Thompson;Helen Haley;Jennifer Horne
N493WN;Kara Arroyo DDS;1;Cassidy Franco;Theresa Martin;Travis Mendez;Larry Cervantes
N494WN;Ronald Beard;7;Katelyn Villanueva;Alicia Walton;Jeffrey Mitchell;Ernest Boyle
N495WN;Robert Welch;10;Melanie Stewart;Daisy Clark;Christopher Vaughn;Cameron Cooper
N496WN;John Hurst;4;Joshua Washington;Eric Hodges;Parker Butler;Andre Chambers
N497WN;Emily Montoya;10;Mr. Alexander Scott;Aaron Smith;Megan Brown;Jennifer Hayes
N7702A;Patricia Zamora;2;Kimberly Dunn;Debra Lucas;Robert Fuentes;Diane Andrade
N7703A;Olivia Wright;3;Heather Green;Meghan Perkins PhD;Connie Rowe;Michelle Frazier
N7704B;John Moore;7;Daniel Thompson;Christina Miller;Hannah Trujillo;Sara Rich
N7705A;Christina Friedman DDS;1;Jason Flores;Michelle Liu;Bruce Harris;Jessica Dean
N7706A;Vincent Becker;3;Derrick Chapman;Peter Rice;Joseph Glover;Scott Hill
N7707C;Jeffrey Higgins;3;Gabrielle Berry;Julian Williams;Kimberly Humphrey;Anthony Mills
N7708E;Brenda Jones;10;Donna White;Melissa Mitchell;Manuel Ramirez;Daniel Cox
N7834A;Carl Mendoza;4;Christopher Moore;Anna Ritter;Eric Wilson;Melissa Martinez
N7873A;Daniel Hunt;10;Holly Robinson;Michael Clark;Deanna Miller;Connie Kim
N7874B;Tina Moore;6;Elizabeth Cooper;Jessica Mathis;Thomas Kim;Frank Brooks
N7848A;Toni Norris;3;Catherine Ramirez;Jennifer Flores;Patrick Johnson;Laura Hernandez
N7879A;Michelle Clark;10;Jared Bradshaw;Monica Maldonado;Ryan Smith;Caitlin Ingram
N7847A;Paul Bennett;3;Andrew Herrera;Meghan Zamora;Lauren Jones;Katherine Gilmore
N7878A;Matthew Hanson;1;Nancy White;Richard Williams;Samuel Wade;Caitlin Payne
N7855A;Emily Douglas;8;Dean Cruz;Jim Hodge;Daniel Newton;Alexandra Gregory
N7857B;Carl Smith;6;Courtney Turner;Erin Moore;Samantha Hamilton;Melinda Benson
N7858A;Terry Martinez;3;David Pena;Judy Pena;Christian Drake;Garrett Montgomery
N7860A;Corey Smith;7;Matthew Buck;Desiree Maynard;Jasmine Bennett;Melanie Jensen
N7861J;Jason Stein;5;Jerry Cardenas;Kelly Nguyen;Darren Navarro;Michelle Martinez
N7862A;Kimberly Ramos;3;Savannah Gonzalez;Jaime Little;Jason Berg;Mallory Ramos
N7889A;Anna Davis;4;Emily Curtis;Mrs. April Brewer;Jacqueline Jones;Donald Owens
N200WN;Jennifer Garcia;2;Victor Mendez;David Schroeder;Francisco Riley;Stephanie Rodriguez
N201LV;Matthew Martinez;4;Alison Mccormick;Michael Murphy;Daniel Bolton;Katie Allison
N202WN;David Parsons;9;Kevin Vincent;Charles James;David Cunningham;Raymond Clements
N203WN;Crystal Hale;6;Kenneth Floyd;Timothy Perez;Angela Campbell;Pamela Fisher
N204WN;Laura Jones;3;Jessica Jennings;Michael Wade;Charles Morrison;Dr. Dana Bennett
N205WN;Robert Peters;10;Brandon Hernandez;Carol Hall;Erika Moore;Sylvia Richardson
N206WN;Krystal Burnett;7;Scott Travis;Barbara Rocha;Joy Rhodes;Jeffrey Rice
N207WN;Robert Foley;4;Mark Richardson;Michael Cook;Michael Rocha;Alexander Hodges
N208WN;Kim Lewis;5;Dawn Randolph;Kent Miller;Tiffany Harper;Joshua Potter
N209WN;Stephen Freeman;1;Jonathan Dillon;Cheryl Wilson;Mark Valencia MD;Kimberly Smith
N210WN;Misty Rodriguez;9;Sheri Shelton;Amanda Jennings;Amber Charles;Sarah Garcia
N211WN;Glenn Whitaker;5;Lisa Robinson;Marc Wilson;Lauren Harrison;Joy Moreno
N212WN;Norman Tucker;7;Meredith Nelson;Cheryl Robinson;Michael Freeman;Shawn Mendez
N213WN;Jill Smith;8;Joseph Blankenship;Julie Carter;Shawn Mitchell;Kenneth Yoder
N214WN;Elizabeth Thomas;5;John Fleming;Taylor Williams;Sarah Phelps;Erik George
N215WN;Rebecca Taylor;8;Evan Schmidt;Calvin Garcia;Tony Flores;Shannon Spencer
N216WR;Tara Church;9;David Lewis;Steven Munoz;Daniel Owens;John Armstrong
N217JC;Jeanne Bradley;5;Ruben King;Sophia Williams;Patrick Gonzalez;David Flores
N218WN;George King;4;John Williams;Shaun Colon;Katie Williamson;Brian Rose
N219WN;Jason Roach;2;Misty Summers;Kayla Brown;Amy Santana;Johnny Lowe
N220WN;Jeremy Sullivan DDS;5;David Avila;Lee Pope;Angela Grimes;John Thornton
N221WN;Alexander Huang;7;Patrick Diaz;Molly Miller;Dr. Gregory Reyes;Emily Mathews
N222WN;Kevin Mckay;6;Andres Martinez;Laura Cox;Jennifer Stafford;Amanda Reed
N223WN;Michael Burns;6;Edward Smith;Austin Maddox;Ashley Gutierrez;Jennifer Martinez
N224WN;Kevin Weber;8;Mr. Roberto Wright MD;Karen Page;Peter Moss;Jermaine Wright
N225WN;Kimberly Guzman;9;Brandon Sandoval;Ann Smith;Daniel Mcdonald;Dennis Green
N226WN;Victoria Bennett;5;Joseph Bennett;Maria Rodriguez;Jason Dean;William Holt
N227WN;Terri Mathis;3;Alicia Johnson MD;William Thompson;Nicole Mccoy;Alex Cunningham
N228WN;Dr. Jared Lynch;8;Lisa Baker;Krista Compton;William Hicks;Kelly White
N238WN;Laura Mueller;3;William Sanchez;Marisa Carroll;Melissa Johnson;John Haas
N498WN;Lawrence Harrison;2;Jon Smith;Christopher Sanders;Benjamin Harris;Albert Park
N499WN;Bryan Bryant;3;Dustin Atkins;John Johnson;Nicholas Hays;Travis Brady
N7709A;Thomas Kelly;5;Henry Hawkins;Lisa Sparks;Sarah Cantu DVM;Rhonda Barber
N7710A;Angelica Moore;6;Dr. Lindsay Hicks MD;Tyler Molina;Megan Burton;Diane Graham
N7711N;Terri Martinez;10;Samuel Flores;Kimberly Evans;Mariah Cook;Lisa Perez
N7712G;Amber Brooks;7;Carolyn Jackson;Grant Hunt;Richard Allen;Aaron Lang
N7713A;Bryan Yoder;10;Jennifer Hicks;Brooke Hardin;Shannon Jordan;Kevin Martin
N7715E;Gary Goodman;1;Danielle Gonzales;Kelly Oconnell;Charlene Ryan;Dr. Melissa Marquez
N7716A;Michael Herrera;9;Shelby Spencer;Wyatt Mccoy;Taylor Floyd;Jeremy Johnson
N7717D;Robert Mcguire;7;Eric Ortiz;Peter Ashley;Christine Crawford;Miguel Johnson
N7718B;Steven Smith;5;Claire Peterson;Paige White;Vicki Wilkinson;Michael Martin
N7719A;William Doyle;5;Margaret Jackson;Jennifer Wise;Eric Alexander;Christine Wilson
N7835A;Nicholas Reyes;4;Paul Reed;Susan Mcbride;Michelle Cortez;Nicole Knight
N7877H;Shannon Mcmillan;7;Samantha Melendez;Ashley Gilbert;Peter Chen;Rachel Skinner
N7845A;Holly Johnson;2;Susan Martinez;Kelly Humphrey;Jose Fernandez;Jeremy Buchanan
N7849A;Marcia Torres;9;Melissa Byrd;Desiree Mclean;Joshua Turner;Cynthia Romero
N7852A;Nathan Meyers;1;Mrs. Sandra Hall;Sylvia Fischer;Katherine Baker;James Rios
N7854B;Daniel Parks;10;Daniel Johnson;Brian Powell;Charles Johnson;Rebecca Sanchez
N7869A;Jasmine Stokes;6;Gary Henderson MD;Andrew Hamilton;Garrett Yoder;Zachary Dawson
N229WN;Hannah Michael;9;Elizabeth Brady;Michael Steele;Jimmy Zuniga;Krystal Haynes
N230WN;Amanda Lopez MD;3;Andrew Pham;Ryan Martinez;Lori Roman;Megan Washington
N231WN;Kenneth Nichols;1;James Hale;Robert Parks;Gregory Smith;Jamie Vang
N232WN;Louis Snyder;9;Carol Avila;Robert Brown;Ana Brown;Daniel Taylor
N233LV;Gary Yates;10;Steven Blair;Michaela Stevenson;Cynthia Lyons;Leslie Hill
N234WN;Angela Manning;6;Jeremy Brown;Rachel Woods;Jennifer White;Sean Norman
N235WN;Steven Howard;7;Shawn Stewart;Jonathan Hunt;William Ross;Brian Brown
N236WN;Eric Mckenzie;6;Todd Long;Dana Meyer;Carrie Brown;Cynthia Lyons
N237WN;Joseph Phillips;3;Corey Fitzgerald;Jenna Costa DVM;Tony Klein;Jason Nichols
N239WN;Joyce Fisher DDS;5;Melissa Myers;Cynthia Miller;Danielle Rodriguez;Mckenzie Ibarra
N240WN;James Norton;2;Samantha Henson;Steven Rivera;Christina Mccullough;Micheal Preston
N241WN;Brian Nunez;2;Danielle Martinez;Molly Kennedy;Melissa Hood;Andrea Smith
N242WN;Sarah Harris;9;Larry Johnson;Nicholas Cook MD;Rachel Warner;Mr. Frederick Horton
N243WN;Christopher Macias;5;Clayton Ramirez;David Collins;Patricia Brown;Jennifer Bradley
N244WN;Justin Diaz;7;Scott Higgins;Jasmine Blake;Jamie Stevens;Margaret Sanders
N245WN;Mr. Christopher Johnson;3;Sarah Gonzalez;Rachel Anderson;Teresa Kemp;Dawn Bailey
N246LV;Jessica Welch;5;Michael Adams;Mrs. Melinda Velasquez;Diana Boyle;Edward Roach
N247WN;Patrick Howard;7;Noah Mcneil;Barbara Rodriguez;Jade Lee DDS;Brianna Marks
N248WN;Arthur Wright;1;Courtney Romero;Donald Summers;Katie Peterson;Angel Garcia
N249WN;Morgan Rodriguez;1;Mariah Conway;Michael Watson;Jennifer Thomas;James Chandler
N250WN;Christine Meyer;8;Sabrina Hale;Samantha Horn;Robert Downs;Cassandra Spears
N251WN;Gabriela Jones;2;Lisa Wilson;Richard Cruz;Jason Kirby;Robert Richards
N252WN;Andrea Bender;6;Rachel Dennis;Anne Macias;Christine Meyers;Rebecca Hobbs
N253WN;Crystal Smith;4;Michelle Smith;Jeffrey Allen;Sherri Hodges;Penny Mosley
N254WN;Audrey Phillips;10;Kathryn Young;Tiffany Mathis;Joshua Roth;Tracy Powell
N255WN;Anna Ford;1;Jason Hunter;Claire Wilson;Kelly Shannon;Carol Hinton
N256WN;Mindy Hill;6;Jessica Sanchez;Alexander Vargas;Laura Hart;Johnny Meyer
N257WN;Elizabeth Palmer;2;Kyle Palmer;Edward Ross;Jacob Nguyen;Tiffany Mendoza
N258WN;Richard Reed;3;Mary Flynn;Melissa Thompson;Anthony Jones;Francisco Miller
N259WN;George Garcia;4;Juan Pruitt;Amber Hatfield;Ellen Chapman;Belinda Bass
N260WN;Casey Newman;2;Franklin Spears;Jeremy Valenzuela;Tanya Powell;Timothy Kim
N261WN;Mariah Hogan;7;Phyllis Watts;Michael Chan;Amy Reese;Tara Spencer
N262WN;Isaiah Potter;10;William Harrington;Michelle Jefferson;Ann Flores;Sabrina Clark
N7720F;Cindy Walls;8;Melanie Thomas;Samuel Brown;Corey Cowan;Jesse Williams
N7721E;Jerome Gardner;4;Dr. Christopher Ramirez;Rebecca Knight;April Smith;Rebecca Martin
N7722B;Karen Smith;4;Jason Sherman;Matthew Smith;Christian Graham;Eric Mullins
N7723E;Jacob Zimmerman;8;Alan Oliver;Alexander Miles;Jonathan Foster;Sheryl Lane
N7725A;Lisa Hunter;3;Marvin Hall;Mariah Williams;Victoria Phillips;Luke Harvey
N7726A;Melissa Adams;2;James Schneider;Kevin Miller;Dawn Lee;Jack Haynes
N7727A;Patricia Smith;7;Sherry Johnson;William Brown;April Edwards;Jennifer Miller
N7728D;Nicholas Cook;7;Anna Matthews;Melissa Martinez;James Richards;Kiara Mccoy MD
N7729A;Carlos Vargas;3;Joshua Allen;Kenneth Rosales;Christopher Howell;Lauren Grant
N7730A;Sarah Williams;1;Sandra Gonzalez;Nicholas Wood;Katie King;Michael Taylor
N7731A;Michelle Bruce;5;Adam Davis;Bruce Jackson;Michael Larsen;Isabel Stevens
N7732A;Debra Cruz MD;2;Stephen Davis;Justin Hudson;John Vasquez;Lynn Johnson
N7733B;William Miller;1;Rachel Porter;Jamie Bush;Catherine Nunez;William Mueller
N7734H;Alexis Carlson;6;Michael Martinez;Steven Chapman;Monica Johnson;Audrey Brown
N7735A;Gregory Mosley;3;Shirley Roberts;Antonio Walsh;Deborah Zimmerman;Dale Morgan
N7736A;Rose Bowen;10;Lauren Coleman;Michelle Norton;James Johnson;Eric Ford
N7737E;Jordan Lee;2;Sarah Martinez;David Andrade;Colleen Le;Robert Dudley
N7738A;Antonio Fisher;7;Daniel Eaton;Haley Vega;Kelly Meyer;Eugene Ponce
N7739A;Cindy Gross;10;Wendy Villarreal;Michelle Anderson;Cynthia Anderson;Dr. Sheryl Smith
N7843A;Diane Stewart;6;Regina Watson;Rebecca Smith;Tony Mitchell;Rodney Ali
N900WN;Kurt Dawson;4;Douglas Washington MD;Cynthia Jackson;Jessica Chavez;Jamie Taylor
N901WN;Samantha Rivera;7;Kelsey Jacobs;Lauren Bennett;Christopher Price;Thomas Lopez
N902WN;Carly Nguyen;4;Veronica Rasmussen;Laura Rodriguez;Jill Wiggins;Melissa Hansen
N903WN;Matthew Green;2;Maxwell Butler;Mark Guerra;Suzanne Shea;Michael Rodriguez DDS
N7880D;David Weiss;10;Elizabeth Robbins;Cynthia Alvarez;Robert Norman;Mitchell Koch
N7886A;Michael Leon;1;Alexander Jones;Richard Johnson;Jennifer Novak;Chad Newman
N7887A;William Hull;5;Jennifer King;Wesley Reyes;Christopher Brown;Andrew Pennington
N7888A;Todd Casey;10;Christy Tran;Carrie Frank;Brenda Crosby;Andrew Snow
N263WN;Veronica Hodges;2;William Vasquez;Tiffany Stewart;Robert Blankenship;Cole Parrish
N264LV;Danielle Gomez;2;Dana Nelson;Jean Parker;Cindy Mendoza;Jonathan Hutchinson
N265WN;Brian Reese;1;Matthew Morgan;Kimberly Barnes;Kevin Oliver;Lee Gonzalez
N266WN;Jeffrey Wolf;4;Paul Klein;Chelsey Johnson;Christopher Webb;David Sellers
N267WN;Terri Abbott;1;Edward Smith;Michael Beard;Vincent White;Melinda Stewart
N268WN;Derek Mayo;9;April Li;Matthew Miller;Brittany Hawkins;Carla Miller
N269WN;David Flynn;8;Mr. Vincent Carrillo IV;Jeffrey Huerta;Joshua Perez;Bradley Mccall
N272WN;Rebecca Vasquez;9;Jeffrey Serrano;Kari Webb;Joshua Nguyen;Jason Edwards
N273WN;Christopher Vega;1;Alexander Franklin;Timothy Moon;Felicia Barajas;Sean Mcconnell
N274WN;Deborah Gonzalez;3;Scott Smith;Elizabeth Parker;Tyler Patterson;Mark Bauer
N275WN;Jennifer Obrien;1;Austin Walters;Diana Meadows;Erica Smith;Steven Gordon
N276WN;Joseph Gallegos;6;Casey Le;Judith Burns;Randall Davis;Martha Gomez
N277WN;Mrs. Crystal Anderson;10;Gary Goodwin;Zachary Kidd;Michael Santiago;Tyler Mcintosh
N278WN;Susan Smith;10;David Evans;Cassandra Odom;William Valencia;Jessica Black
N279WN;Elizabeth Rosario;5;Steven Gallegos;Connie Mckee;Tyler Williams;Tracey Oconnor
N280WN;Melissa Lopez;3;Natalie Ryan;Jason Martin;Brittany Freeman;Andrew Kim
N281WN;Monica Johnson;7;Victoria Smith;Gabriel Gibbs;Kelsey Oliver;Erik Trujillo
N282WN;Deanna Casey;6;Donald Stokes;Monique Tucker;Mrs. Melanie Morales;Cameron Deleon
N283WN;David Fields;2;Paul Hull;Penny Walls;Carol Graves;Robin Howard
N284WN;Rodney Brown;5;Stacy White;Jillian Petersen;Kim Santos;James Park
N285WN;Melissa Pearson;9;Aaron Lopez;Katherine Collins;Eric Berger;Rebecca Holland
N287WN;Wyatt Alvarez;9;Wendy Mendoza;Austin Brown;Rachel Gallagher;Steven Porter
N288WN;Patrick Porter;3;Joshua Johnson;Mike Wright;Edward Parsons;Mike Allison
N289CT;Daniel Jones;7;Nathaniel Yoder;Daniel Lopez;Morgan Oliver;Eduardo Ingram
N290WN;Pedro Ferguson;1;Jared White;Anthony Jones;Catherine Cannon;Ashley Case
N291WN;Melissa Ford;6;Heather Coleman;April Thomas;Joseph Wolfe;Toni Adams
N292WN;Daniel Crawford;10;Shelby Knox;Anna Wright;Sean Horn;Valerie Kaufman
N293WN;Joel Brown;9;Sergio Ramos;Diana Wagner;Mark Estrada;Joann Reese
N294WN;Olivia Rodriguez;8;Matthew Oconnor;Natalie Shah;Jonathan Perez;Kevin Jones
N295WN;Heather Elliott;2;Joel Lee;Kerry Chandler;Stephanie Mann;Shawn Montgomery
N296WN;Samuel Buckley;4;Annette Mooney;Kristen Scott DVM;Norma Hanna;Kelly Smith
N297WN;Christina Fox;3;Tina Sanchez;Janet Wilson;Barbara Wyatt;Antonio Smith
N298WN;Daniel Bailey;2;Jaime Hicks;Christopher Lynch;Tina Sanchez;Carolyn Espinoza
N299WN;Thomas Bell;4;Susan Lopez;Brittany Miller;Nicholas Lynch;Justin Cox
N7740A;Sheri Contreras;4;Paula Smith;Sarah Hodges;Jason Miller;Angela Combs
N7741C;Gregory Browning;5;Heidi Frazier;Andrea Reed;Matthew Ramirez;Madison Mays
N7742B;Victoria Cruz;7;Bryan Vargas;Claire Alvarez;Alexa Downs;Kevin Adams
N7744A;Stephen Lee;7;Michael Cabrera;Nicole Cruz;Stacey Brown;Robert Williams
N7745A;Breanna Sanders;1;Holly Herrera;Louis Gomez;Richard Smith;Brandi Henry
N7746C;Douglas Chang;1;Manuel Bartlett Jr.;Tanya Adams;Kelli Hawkins;Eric Diaz
N7747C;Michael Hernandez;2;Joseph Baker;Eric Bradshaw;Brenda Sampson;Courtney Lopez
N7748A;Kathryn Cardenas;4;Rachel Ramos;John Berry;Carolyn Quinn;Brandon Willis
N7844A;Paul Harrison;7;Francisco Skinner;Timothy Garrett;Alicia Johnson;Elijah Brown
N7846A;Cody White;7;Christopher Brown;Casey Harris;Dakota Roberts;Sydney Thomas
N904WN;Monica Haynes;3;George Long;Gina Johnson;Justin Bean;Kari Knox
N905WN;Mr. Jonathan Buckley;6;Mark Lewis;Bill Woods;Trevor Rodriguez;Cindy Webb
N906WN;Brandy Washington;2;Darlene Anthony;Cheryl Stevenson;Lori Martinez;Jessica Guerra
N907WN;Misty Brown;10;Patricia Garcia;Michael Baker;Audrey Smith;Brandi Yoder
N908WN;Dr. Gregory Fitzgerald;5;Regina Figueroa;Gregory Marshall;Catherine Little;Amber Cobb
N909WN;Tanner Morales;3;Carolyn Greene;Nicole Torres;Nancy Smith;Kelly Key
N910WN;Kimberly Cummings;1;Bradley Waters;David Howard;Jennifer Lopez;Melissa Chase
N912WN;Lisa Moreno;6;Jason Fitzgerald;John Villanueva;Heather Ware;Kristen Li
N913WN;Andrew Willis;9;Lisa Ruiz;Tammy Jones;Meagan Davis;Ashley Day
N914WN;William Andersen;10;Bobby Hernandez;Blake Clark;William Armstrong;Charles Mitchell
N915WN;Andrea Silva;10;Lori Kennedy;Monica Davis;Michelle Buchanan;Alexander Bernard
N916WN;Shelly Morris;2;Lisa Smith;Thomas Howard;Stephanie Bell;Stephanie Hudson
N917WN;Patricia Johns;6;Julia Hernandez;Craig Hamilton;Taylor Horton;Robin Wilson
N918WN;Scott Smith;9;Mrs. Ann Whitaker DVM;Joan Garza;Michael Morrison;Michelle Rodriguez
N919WN;Christina Smith;9;Laura Diaz;Michael Hoffman;Sarah Fuller;Evan Williams
N920WN;Karen Bell;9;Crystal Coleman;Ryan Shaw;Christine Rodriguez;Jacob Yang
N921WN;Chris Robinson;2;Curtis Russell;Jacob Allen;Jacob Jones;Jennifer Brooks
N922WN;David Butler;5;Sandra Patel;Anthony Martin;Anthony Rodriguez;Nicole Koch
N923WN;Lisa Gonzalez;1;Adam Dennis;Stephanie Hall;Mary Lawson;Jim Olson
N924WN;Elizabeth Luna;9;Gene Morrow;Katherine Smith;Joshua Nielsen;Penny Edwards
N925WN;Patrick Shepherd;6;Caroline Chavez MD;Sally Mendoza;Tammy Martin;Vanessa Powell PhD
N926WN;Jordan Jones;2;April Cooper;Danielle Munoz;Frank Salazar;Maria Jones
N927WN;Lauren Robinson;9;Maria Williams;Derek Davis;Joseph Schmidt;Alexis Lewis
N928WN;Kimberly Griffin;7;Alex Davis PhD;Rebecca Johnston;Jerome White;Lauren Doyle
N929WN;Kayla Robles;5;Julie Tate;Corey Miller;Dennis Lee;Ronald Davis
N7881A;Richard Martin;4;Laura Farmer;Jennifer Luna;Karen Ryan;Lauren Rogers
N7743B;Christine Hunt;6;Catherine Salinas;Ryan Lindsey;Andrea Henson;Christina Garcia
N7750A;Kathleen Navarro;10;Christine Washington;Brian Ramirez;Jeffrey Thornton;Ruth Williams
N7751A;Dr. Adam Novak DDS;10;Henry Choi;Samantha Mccall;John Stevens;Oscar Barajas
N7752B;Karina Davis;3;Andrew Rose;Kathleen Reed;Collin Cook;Curtis Jackson
N930WN;Stephen Lewis;5;Chad Nicholson;Connie Ellis;Jillian Davis;Chelsea Hanson
N931WN;Danielle Mueller;6;Michael Moore;Kim Rogers;Sara Lopez;Lindsay Alexander
N932WN;Adam Kaufman;10;Amanda Kelly;Anthony Lam;Joshua Fox;Karen Thompson
N933WN;Savannah Mahoney;1;Joe Patterson;Carrie Johnson;Renee Armstrong;Jessica Moore
N934WN;Amanda Taylor;9;Jesse Larson;Zachary Miles;Calvin Hughes;Melissa Dunlap
N935WN;Diana Torres;8;Joseph Smith;Joshua Solis;Megan Coleman;Allison Lopez
N936WN;Stephen Mcdaniel;10;Ian Jones;Daniel Robles;Melanie Garner;Beth Ortiz
N937WN;Toni Hoover;1;Sonya Sweeney DVM;Steven Campos;Stephen Lewis;Mrs. Lori Farmer
N938WN;Cynthia Erickson;6;Michael Thomas;Antonio Bridges;Shane Lawrence;Susan Hughes
N939WN;William Adams;3;Kim Wilkinson;Bradley Knight;Brittany Reyes;Wesley Morris
N940WN;Vanessa Robertson;3;Samantha Robinson;Becky Lee;Raymond Austin;Melissa Carter
N941WN;Jamie Wang;8;Amanda Owen;Brad Alvarez;Thomas Ortiz;Erika Mccall
N942WN;David Cannon;6;Ronald Fernandez;Philip Snyder;Edward Shaw;Jennifer Nguyen
N7724A;Jon Nelson;5;Stacey Finley;Andrew Davis;Michael Bruce;Andrea Mullen
N7749B;Michelle Macias;8;Joseph Jenkins;Samantha Stewart;Bryan Hernandez;Melissa Gutierrez
N943WN;Emily Davis;3;Rhonda Patterson;Richard Williams;Edward James;Ernest Kennedy
N944WN;Brandon Williams;7;Matthew Griffin;Jacqueline Davenport;Edward Page;Kathleen Briggs
N945WN;Diana Martin;4;Michael Mccarthy;Terrence Smith;Kristin Gallegos;Miss Kim Jackson PhD
N946WN;Taylor Clements;4;Christopher Mcdonald;David Diaz;Robert Flores;Joseph Strickland
N947WN;Joseph Hawkins;3;Mary Lee;Alejandra Sanchez;Ashley Gibson;George Brown
N948WN;Jeffrey Fitzgerald;2;James Yoder;Traci Hill;Jamie Martin;Melinda Walters
N949WN;Ryan Christensen;7;Stephen Noble;John Thompson;Nicole Jarvis;Andre Elliott
N950WN;Steven Davis;2;Nancy Nguyen;Amanda Garcia;David Campbell;Christopher Jenkins
N951WN;Daniel Mays;2;Samuel Jones;Amy Woods;Destiny Guerrero;Peter Williams
N952WN;Alexis Fisher;4;Richard Roth;Kathleen Fox;Erika Lee;Jason Anderson
N953WN;Kayla Neal;1;Sarah Gonzalez;Zachary Howe;Danielle Shaw;John Cobb
N954WN;Thomas Hamilton;9;Renee Mueller;Martha Ruiz;Danielle Gray;Jack Luna
N955WN;Tammie Brooks;10;Diana Berg;John Parks;Jennifer Smith;Ethan Thomas
N956WN;Lisa Dennis;6;Rebecca Allison;Christopher Camacho;Phillip Green;Sarah Hebert
N957WN;Christopher Berry;2;Barbara Davis;Andrew Park;Terry Long;Margaret Gardner
N958WN;Denise Schneider;7;Sarah Walton;Christopher Ferguson;Brandon Williams;Barbara Sanchez
N959WN;Anthony Guzman;5;Nancy Scott;Lauren Taylor;Michelle Ford;Alicia Bishop
N960WN;Gary Smith MD;6;Carrie Benson PhD;Daniel Marquez;Ryan Stewart;Brian Lewis
N961WN;Amanda Glover;2;Hayley Callahan;Christine White;Rhonda Villa;Steven Lucas
N962WN;Christina Turner;7;Kimberly Huff;Jessica Garner;Alicia Long;Jessica Barry
N963WN;Brandon Todd;4;Eric Tyler;Brittany Roberts;Patrick Choi;Jacob Cortez
N964WN;Larry Hughes;1;John Reynolds;Tina Sims;Catherine Allen;Denise Yoder
N965WN;Jessica Lawson;4;Gabriel Murphy;Zachary Cole;Rachel Hurst;Steve Ferguson
N966WN;Karen Osborne;6;Madison Parker;Mark Mosley;Reginald Jefferson;Kimberly Brady
N967WN;Mr. Terry Duarte;5;Kelly Brown;Carrie Prince;Charles Rivas;Debra Maynard
N968WN;Patricia Romero;9;Victoria Leon;Samantha Sanchez;Patricia Bryant;Abigail Hudson
N969WN;Kyle Wright;1;Kimberly Lopez;Holly Melton;Samantha Thompson;Deanna Gordon
N555LV;Adam Brown;6;Kimberly Villanueva;Stephanie Brown;Jonathan Dunn;Michele Brooks
N556WN;Matthew Duncan;6;Shelley Thomas;Scott Sanchez;Cynthia Davis;Peter Johnson
